{
  "interactionModel": {
    "languageModel": {
      "invocationName": "language test",
      "intents": [
        {
          "name": "AMAZON.CancelIntent",
          "samples": []
        },
        {
          "name": "AMAZON.HelpIntent",
          "samples": []
        },
        {
          "name": "AMAZON.StopIntent",
          "samples": []
        },
        {
          "name": "HelloWorldIntent",
          "slots": [],
          "samples": [
            "hello",
            "how are you",
            "say hi world",
            "say hi",
            "hi",
            "say hello world",
            "say hello"
          ]
        },
        {
          "name": "AMAZON.NavigateHomeIntent",
          "samples": []
        },
        {
          "name": "AMAZON.FallbackIntent",
          "samples": []
        },
        {
          "name": "LanguageIntent",
          "slots": [
            {
              "name": "letter_a",
              "type": "letters"
            },
            {
              "name": "letter_b",
              "type": "letters"
            },
            {
              "name": "letter_c",
              "type": "letters"
            }
          ],
          "samples": [
            "{letter_a} {letter_b} {letter_c}"
          ]
        }
      ],
      "types": [
        {
          "values": [
            {
              "name": {
                "value": "o"
              }
            },
            {
              "name": {
                "value": "e"
              }
            },
            {
              "name": {
                "value": "b"
              }
            },
            {
              "name": {
                "value": "Y",
                "synonyms": [
                  "y.",
                  "Y.",
                  "y"
                ]
              }
            },
            {
              "name": {
                "value": "K",
                "synonyms": [
                  "k.",
                  "k",
                  "K."
                ]
              }
            },
            {
              "name": {
                "value": "S",
                "synonyms": [
                  "s",
                  "s.",
                  "S."
                ]
              }
            }
          ],
          "name": "letters"
        }
      ]
    }
  },
  "version": "10"
}